{
  "description": "Hermite cantilever displacement convergence study",
  "seed_reference_E_psi": 2000000.0,
  "target_uy_in": -0.0216,
  "rows": [
    {
      "level": 1,
      "ex": 1,
      "ey": 2,
      "ez": 30,
      "nx": 2,
      "ny": 3,
      "nz": 31,
      "nodes": 186,
      "elements": 60,
      "dofs": 1116,
      "hx_in": 4.0,
      "hy_in": 4.0,
      "hz_in": 4.0,
      "seed_E_psi": 2000000.0,
      "free_end_uy_in": -0.018089439039242743,
      "target_uy_in": -0.0216,
      "abs_error_vs_target_in": 0.003510560960757258,
      "pct_error_vs_target": 16.25259704054286,
      "pct_change_uy_from_previous": null,
      "implied_calibrated_Ez_psi": 1674948.059189143,
      "pct_change_implied_Ez_from_previous": null,
      "relative_equilibrium_residual": 4.124151687503131e-12
    },
    {
      "level": 2,
      "ex": 2,
      "ey": 4,
      "ez": 60,
      "nx": 3,
      "ny": 5,
      "nz": 61,
      "nodes": 915,
      "elements": 480,
      "dofs": 5490,
      "hx_in": 2.0,
      "hy_in": 2.0,
      "hz_in": 2.0,
      "seed_E_psi": 2000000.0,
      "free_end_uy_in": -0.018136521789681385,
      "target_uy_in": -0.0216,
      "abs_error_vs_target_in": 0.0034634782103186157,
      "pct_error_vs_target": 16.034621344067666,
      "pct_change_uy_from_previous": 0.25960187396808065,
      "implied_calibrated_Ez_psi": 1679307.5731186466,
      "pct_change_implied_Ez_from_previous": 0.2596018739680708,
      "relative_equilibrium_residual": 1.4836837051887208e-11
    },
    {
      "level": 3,
      "ex": 3,
      "ey": 6,
      "ez": 90,
      "nx": 4,
      "ny": 7,
      "nz": 91,
      "nodes": 2548,
      "elements": 1620,
      "dofs": 15288,
      "hx_in": 1.3333333333333333,
      "hy_in": 1.3333333333333333,
      "hz_in": 1.3333333333333333,
      "seed_E_psi": 2000000.0,
      "free_end_uy_in": -0.01814710802238289,
      "target_uy_in": -0.0216,
      "abs_error_vs_target_in": 0.003452891977617112,
      "pct_error_vs_target": 15.985611007486627,
      "pct_change_uy_from_previous": 0.058335646034875774,
      "implied_calibrated_Ez_psi": 1680287.7798502673,
      "pct_change_implied_Ez_from_previous": 0.05833564603487492,
      "relative_equilibrium_residual": 3.514706956061243e-11
    },
    {
      "level": 4,
      "ex": 4,
      "ey": 8,
      "ez": 120,
      "nx": 5,
      "ny": 9,
      "nz": 121,
      "nodes": 5445,
      "elements": 3840,
      "dofs": 32670,
      "hx_in": 1.0,
      "hy_in": 1.0,
      "hz_in": 1.0,
      "seed_E_psi": 2000000.0,
      "free_end_uy_in": -0.018151224849539342,
      "target_uy_in": -0.0216,
      "abs_error_vs_target_in": 0.003448775150460659,
      "pct_error_vs_target": 15.96655162250305,
      "pct_change_uy_from_previous": 0.022680712682358602,
      "implied_calibrated_Ez_psi": 1680668.9675499392,
      "pct_change_implied_Ez_from_previous": 0.022680712682374683,
      "relative_equilibrium_residual": 1.173573608580762e-10
    }
  ]
}